Название вакансии,Название компании,Зарплата,Ссылка на вакансию
FrontEnd Разработчик (React + TypeScript),Диплей,Не указана - Не указана Не указана,https://hh.ru/vacancy/103690552
Junior Backend разработчик,Фаблайт Электроникс,Не указана - Не указана Не указана,https://hh.ru/vacancy/103636921
Python developer,Финтех Айкью,Не указана - Не указана Не указана,https://hh.ru/vacancy/103679990
Junior Java разработчик (Стажер),Центр финансовых технологий,Не указана - Не указана Не указана,https://hh.ru/vacancy/103489247
Junior Web-разработчик,WannaFly agency,Не указана - 40000 RUR,https://hh.ru/vacancy/103641523
Программист/разработчик - стажер,Бахетле,70000 - Не указана RUR,https://hh.ru/vacancy/69788264
Frontend developer,Кеменова Мария Алексеевна,Не указана - Не указана Не указана,https://hh.ru/vacancy/103215975
IOS разработчик,ВанТуВорк,Не указана - Не указана Не указана,https://hh.ru/vacancy/103484972
Разработчик на Python в команду CLI,UserGate,Не указана - Не указана Не указана,https://hh.ru/vacancy/103681500
Python Developer,Garden of Dreams,60000 - 100000 RUR,https://hh.ru/vacancy/101793114
Unity developer (Стажер),InlyIT,Не указана - Не указана Не указана,https://hh.ru/vacancy/99235905
Фронтенд-разработчик,Ева Биоинжиниринг,150000 - 200000 RUR,https://hh.ru/vacancy/103383716
Python разработчик,LC Group,Не указана - Не указана Не указана,https://hh.ru/vacancy/98876602
Web-разработчик,Софт Инжиниринг,Не указана - Не указана Не указана,https://hh.ru/vacancy/103346033
Junior Frontend программист-разработчик (Vue.js),SaaSoft,Не указана - 40000 RUR,https://hh.ru/vacancy/103619235
Unity Developer Junior,Garden of Dreams,25000 - 35000 RUR,https://hh.ru/vacancy/102881746
Инженер - программист ПЛК,Завод ВРК Сапфир,160000 - Не указана RUR,https://hh.ru/vacancy/103394290
Frontend developer,SFXDX,Не указана - Не указана Не указана,https://hh.ru/vacancy/101897311
Java developer,Дом-ИТ,Не указана - Не указана Не указана,https://hh.ru/vacancy/103207288
Python разработчик,Зубрилин Аркадий,400000 - 800000 RUR,https://hh.ru/vacancy/103303675
